condition,seed,late_mean_largest_cluster_fraction,late_mean_nearest_neighbor_distance
baseline,0,0.09435483870967745,0.619359162192554
baseline,1,0.09677419354838712,0.6301767547616957
baseline,2,0.09193548387096774,0.6325597213627097
baseline,3,0.10080645161290323,0.622166476562315
baseline,4,0.09596774193548388,0.6412011778449864
baseline,5,0.10483870967741937,0.6369222297796773
baseline,6,0.09516129032258068,0.6345080311518251
baseline,7,0.10403225806451616,0.6260984459905771
slowdown,0,0.217741935483871,0.526162188518284
slowdown,1,0.1225806451612903,0.544394283436553
slowdown,2,0.14354838709677417,0.5475358911427086
slowdown,3,0.1693548387096774,0.5569552360282818
slowdown,4,0.17338709677419356,0.524516583896579
slowdown,5,0.19193548387096776,0.5149284829985177
slowdown,6,0.15241935483870966,0.5300856237625735
slowdown,7,0.16854838709677422,0.5408298192110041
taxis,0,0.9862903225806453,0.20686506663451176
taxis,1,0.9822580645161291,0.2065688641876786
taxis,2,0.9830645161290323,0.20260988629341756
taxis,3,0.989516129032258,0.20304249650317527
taxis,4,0.9854838709677419,0.2170294533787359
taxis,5,0.992741935483871,0.19982358593436725
taxis,6,0.9798387096774195,0.22489997502545112
taxis,7,0.966935483870968,0.25190403947026757
slowdown+taxis,0,0.3000000000000001,0.1957154835790578
slowdown+taxis,1,0.2750000000000001,0.21160862711081543
slowdown+taxis,2,0.22499999999999992,0.20291716110781505
slowdown+taxis,3,0.20967741935483875,0.19766122839131098
slowdown+taxis,4,0.375,0.21166947633389496
slowdown+taxis,5,0.22499999999999992,0.2211515433233443
slowdown+taxis,6,0.3000000000000001,0.21035202179730889
slowdown+taxis,7,0.22499999999999992,0.20161520662695145
